Sequence 1,Sequence 2,Alignment Text,Alignment Score
ENFYHCTRENERQTNYEIPLFCVCEPWLTSWPACCPWDLGFCPHTRVWDVWLNTCACETHQLYMWQLPYYNWKEWISKPAHSEKHYWSPQHNHPAHSYSFWFGSTPVHNRHDISCTRVEYFPFWIEKARQVYWETTDDWFVSRMHMFKSCTFSYVFPAVTNWSQVFENHVKPCSPDRDQTLDLRRQGFTYDMIDVIDYLVPNVPNYTAPEQDWDWRPAGWVTITGFMIHFREQWWHMNDHPAQYECQRRLTQLWHGMKSAFHIDWSFMCTMHEMDSEYIYAWSMRVGAELTVEHFHLSASNNTKCMFMTNMHE,KKDLNELFDHPMRQAGCCYGETRAWREEWQASNCHMLCDYCHDGTSDPRPGIGSKWRWRHACEMSSLLQAPEDMNNLYGFTKKEG,Empty,-439.0
IHCIRFKRRIDWNDNYAPEPEGMPNHPEVGDCNAEQIFLQYVHHFWDEWEPQQYNDAYAFQETRTQFGTTWAVTMTGMVMKGGWPIRGQKPFEWEFHGLMDADYMKIARCAAYYYGMKNFKKFYAVEQFHQSAMNRPYHSNGTYYFQAMNISMFHPHRQGTIPVLFWVQMLFPSKFGSPASFHIVMNDIYTPEQDMGIMIYMCLSTEISQLNARVDEYICFGLFLQLSCEGRSKIDNR,FQTNGTQQICAIDTMMMMFAHEKKTNAERSMGVYTLVAWPTLGEFYRRTAWWIIPYICVLKATGAWAEEFRSWHTQHWSSPLRHRIIVDTNEPHFTVSPHRLLEQQSNNERMEVQWLFREKKQFQRYASEGMKGDHKYGTSINRIICRNWKDVYHAPCDQIDVWDHPFPDTDNKIRMQKAYDKSVDHHKDCQARFIKFHHKQHTHCWMLKTKHVDSNCWKTSPT,Empty,-190.0
IYMIDIAFIIGGGVINDRPYGKMMWTCFACANVLHNDPWEKCTLFGAHCTKKFCVYRLCHYGANAFLWSAVWCFMWMAQEYNNCFNHGESKVKQVIITGDKRIISWLGKLEGFMKWHNKLLYLNWVPDDYVNLWNHDFWCCPLNDWFIRESKAFPHFHGGLWKSWKQREDCYQMSMKLWSQKWMMRYTWSCGTNYAMRYFEYMEIWCRRPREGTLAFNHNTDPCPETQLFPGLVAFLENNYGPDFELEVQCWMRLGHHNDYDIMCPEMMWLCFDWFRQDGTFCDQFESHDVARTAVRKSPMQLCGNEQYWEYMRGWQ,VYMCNARVIRRVKDKDREYAMMCKNCYRTTEVKQYQKEIQSTCIFCIHLFQMAMYSVMTFLDRLLSKGED,Empty,-474.0
TDMFFQHWMEPPAPRRGSIYMKYEKTPCNALEAWGFHIWNVPDFIQKWTHLTSSHTDGYHNCLRAEWKDDYLHNVHMSWFGQADTHVPAEGIQQPHHWHISTYLAEHRPASNVKPARATDACVNCIMHGDWSMNGVMKRWLVFMCRIFGQLLIYTAITMWHNS,AKQRGWLHHYAPVVQRSYFHQNYRMDLGHYRTKVDYCLHKLNKKKQFWHYADHIGSMKPGYNMSALPSGLYDEPFCKDLNFFRCRIQPCYLLCEMTEPRPWTPIETDTHCFHCKMVNPALGNHGIQHFAVFGQHINYKSISSWMRFLRHKKRKLNPWQMSCMPKPVSLWAINHQSLENPPHPYYEDAHVCHL,Empty,-153.0
AAPPDMQGEMVDLEIGILGCISHNYNENVHPFYAWRKHTEVYGYCHQNNVAGHRADKHYVEIKEVPISLPGRPTGVWTYRPWFPLKTQLFCKMFTCDTGKEGMPCWWRKFLFQIGKSMWNYFFSYYETDECYCYDHADYLQWDMGPMQMMFAMSRTYFMGPKNHNSMQVSESAIHWIHPSRWL,MIRQITYMSDPHESFDPSAIGYLSSNWQGTPWGCAYLREYITACFCWHSAHIICGWMMLRKNDEFN,Empty,-240.0
HYFCWLEEGQTALAQNCYEHKCESWGAMWWRKAWNVLDNLCSFGAQHQAGNVESGEKLSQASCVWERRCLYCDGQKLAIDTVFDTQQNPSAHHEAYWSLECYIIKWNNMPLGDCKNHFGGQYRFFVGMCRCSPMDGNSIIPRAYNIWHMKNYHHEYRWNMHRTHVTQKNGTHINVWLRIKHNLCGAYQWYPCVCTIETRWKPSCAHNMAVNWWWSYRIRFVANRAGISDAE,DLRASDRWLLNGNDWTPFAIGLCLQVKMKFHMVQIVGAYLNENIIEPCMEPFHKTWMKEYQNDIEVNYIWPCEADNTQGNEHQRGEAKSDVIQLYHAKYLLFYCTYWYHVIEIFETLGSQPDHLHVDYYDSALHIPGQEGHFMALCGFFNQDILRYRLHDSQGSLYSQYVFKPFCQLNCFFKPVLGCGSIQEKCVPTVTNWCFNGWTPRQIESMAGLRLGPTPMRLKGRWQPPSQCHNFIYAYGAFNIVVCAHFGNIQYTQITMKTGFFFPCGPTAIDYGEQMKTKPAPVTNQSMIV,Empty,-241.0
MGGVGFSWFGPHYSKMDQNLTSGPNHLQSGDAKSRIFYILCGWCAGDIITDFFAKWFEYNADLDADRSHKIRPILLLNNIYCGMKAVKKLRLDRDIYEQPQILNQIAVVEFTGKGGIKYSNHSPNNGGPGTDYRLAPETKRRQIEQTSKGVVGAHLWYCHSLDEPRRFDRLYQTANYLEWWYRRATFTFMGMDFWWIRFPDHNNEKHQYFAKRFVEFQREQTWYQYPVWVGYMWGIWWHWKGNPARESMFRGVAETRQANFIILVTHWRTGYMSCWPTPASFLWVLSVDWGENAGWWKFLVWK,YRDCISAHKYGHEPWHSFNNDYWMWGQYIHSDNNKLTLNGTVMWKFMMHGIR,Empty,-484.0
TQRILDCYDDWEHMWWPMTTYQDERTKKIPMMGMCTTNHKDSLDGRAEMQWGMLGYAQTVFKQWIITTALWCYIVQYYWHYSQPNINGYKFTHRDPAEDDRQGYNPIKKSDFTWGWDPHLKKYTDWNQQPPDAAPISLHLASNQFTVPTDRPRTHGIPWMGFMSSYTQSWFFASDFEITDVSAEKELMWRNIIDDAARCFDWSWGVSDGFIFQCQKTNVNVRWGMYLPGWLNSEMHMNFGNKRQIGNVCCPGEIRASDEDMGWKKQLMFANFFAYAKEHECAS,NIALSRPEILDYPYCCDFRGQSMASEWESQRVRPKQYDLHRFDCLFAQRTPLEPIIWMCECDVEEKESVCVDWRLLELPAGHHYYH,Empty,-384.0
LQIGFTFHRNWENFNKLDDEETNLSHGFQNVVAQFHCGTKLRCFDRGPMPFFCLNNTGHLTYLCQCCQCQPWYVAWCSMVSLYVFIFGQPDKCANSMFMMRKEVNGGWITYAIWNGWDKLLKQLDNPHVVRCSHVQHAICTNATRLNGGDWAVWKKNFGTLVVDFGIMEGTGEFMFQVLSTMLRPMGVPAQGMWKDSGAYLIKTLHIVMAWGVTISPMGETRSKNPQYQFVAQMRLMMRVCQEICYECPVDCTEFPVAMKIQTSVVAGDALMNWIITQMVNPGEYNLQFFACIHISCKFNRTPQGNLTVDKAVFFGEMKMLNMGTESIYEGPTAIC,KCDHLHHMTPFLVETYWPPQGTYKWDDYAEDNHVSWCNVRLRWRIFLRCNPLMCEAYIVIGMVWTCIKAFVDDTGGHMQIWTGIYENYAFNCPEFKEKCVMMIVLPPVGGDQYMSNVSEDIMGRIDCPGWTCINHWTEGRNALLQMKYSIYWADFAAGWSPNERWIEPGMMSWPQIKDARAEVHPRYFTMLYRQVVAYHMWTAKQIRNVKGKRPD,Empty,-318.0
WIEFPQKDWWYEVQHRGNKKWMPKTMWNLMPFRKSQTHMACTPYLAEGPHECTMTPWPANLTDHQHNAWQRDMSPSHCHWHNHIDSQYRCAANRAPMCHDQWCTCTIEWGDISIQHRKYAWWFGNQAQDYARFQYGQNGITNMIKGCTGVLYIWTIRRNHPKQMRGHCNPHEQQMDVDIAERKIITTRSTWAYNWALQPWQMTQTVPPCKILAIHQIFVNAVRCSSAQNTSPHHVGERLWCNEWIWHNEVETEYLHVHHKEFHVLQQNMNGHADICPRILQRVPSSNAHSSTGTHENNQTYWCFEFHWGEPTTLCGQRHST,MLTEPFPDGDSSRVPHDSNGYESHPSQGYAQWHCTDARNFRFWKLMHIMNVDSQHINFRNEDGKHADPTMYFFSSLHNYNCSWFSWCNVMFDVWWIPWDTKHHARYWLSYAMIWQQQHHLSCYKVQFCGCKVTQRQGQSVFMDGEIPDWLPCGLIGVYAERYSIWCTAFIYYCMLCNWRFYTLNYEWVNCYTSPYIMLQVDSSIVHFLGQFWPSERNAYRSEFPY,Empty,-279.0
VTKGAREYDDFIHNHSTPQGWIMVSTGTVDHWRSMMFLNYSFVFKPKGYEKKARVFQPVTENVWSLYGLTVMRMGKTQDYYNFGNIPRGNWSHLQ,IRSALPMMYNHNEGLCFFWMHWDYRIWYKMCNMRVQWAFDMMTTCTQTAASKVVDSNANMLSQFYSFMGLNVSICASHRGYDSNDDHHELSNKYPWLSECATHHCHESIIRYQVRMENCAYERLTTHDFPFRVDTCTPIPICRGDIYRLNICHQALRIFTCSEEDAQRSYMCEYRIVYMWSWPNIWHMRDMTTVCVIATNS,Empty,-237.0
YWLMPEPEEEHWRVVVFGCDRPKPIIWEGHFSDEISQEEAGVMRYEAYLRKKPTLCANYCIGFNGSQLERPDFEPLEPFTNPGNIWVLETYPYH,WFHYSRNLAYHEPKWENYPHWTHMNSCYRCIFSVPSRTEDCLKFRARSAFSHCWCLKITFWEQDCFWKLAGPDEIDPVGYDRRQSGVETYRQCAWDFRHMILHKDISGFRFSPWPSQWHKKLAYTHHLKWCKWVMTMESRRQRVEYKIWSFCDIPHVTRIFRNIMMDLIPGYNMRTIANYWWLVWKVQGVEVFTLLSNVYEFPTPHGSWPQEMDNYQAPQIGSKMSEELVWIAKPTTNAYNSYGPQQP,Empty,-304.0
TEGGYCGCTAERVVVWGLVFHAQNYLAMFDCEWKTAAVVQLHALGMPVWVDWVWTSTLTKVNELNRDVNCFNYEHPHVPFRLICPMTSHWPFGYFTSEVVGKHMIECANWKYVYCKHLDKDWDIFWPYVLINKELWICTQEGI,IQIEYNRCDKWPVQMCAARQVFQAGLTHLQPYCTQQYMVITASDWEGYTTIYSFRVKNCRVRKYCWSHLELELDNNIQTFV,Empty,-143.0
MFMMPTINHYITWCCYLDFVFTHCMHALKKWFSLPWIIIQWLAICFERNRYCLITKRIYANPDHEWLLFGDTTPGATVIHDRYTHKLILNMYSDTYKQRPMNNCHKSADIWWEQNKEKVMWGYGKHSA,VCWWSTAQECRQRLQNFDVVTGCIDTKVIEEMYENSPCPVQHTMPGKYWLLDYDANVRKRQLGAKRDGWQLRAVRWDHWGEGSYFVGSKMMGLQHEDCAGCVHHVWQICVPWINRQHMIKLKHELRRHPKQWTLKGRGMKHLCTNWENNFWTRKQVCDNVDHEKPGMGYDKMSWSSQNGRQMPRMDAAHLVRLIDDVQWDCVNKQEWYTVSCSDMLTTMKIAKYQDGLKQQCGIAGKYEDMVGRQAVHHEHNMFYTNSLFTYHAHLHDFCMETYCNHWNHHDVPQNFSWAFQMCIMW,Empty,-360.0
PGMFFKGCQEEYKGMAGREVDRREDKIKAPFLWHWQPYNSPAEGHARFDGIGNRPFQLQYT,KQKMVKYPFRVFWWMTYKKSGEEHAMCYRNKAGYMEHQGGAEMECEISMNVGTGRWIWVIVSCYRDNLMEYRMFVVWMKKVYKRDHNRDSFGLFIWHKIVSKDVLYFFTNCVVPNAETQMEHYAPIVYVRRGGERTGGTNVRTMGRTMGAGLKEMIFECITWPISMKV,Empty,-203.0
TINNGYDGVTHENGDCHESGSCTNGHCEGICWGQCPLCQWKQCGISGLLHRMHERMEREWGHIYWRYPIVRLKNGWTDNIYYSTCLDMLKETSARMVIPWCQACCIE,RCWYVNLWWNQCCAKLRLYRTAMMSGLMFKQVLCDDLFSCTFNQWLVDWFKEFKDTGNGGIESLMPHHYTIMSEDVCNKDILAIKEHMQCCYPGDKHQYHEPHIGHCRYIPDYCSMHPMWEWPNDRKTTALDTYASTDDSCHPIMLDFNWFGFCINEGCPHIIVWFFAFSMPRGMTVQLSVFHVLQRNCYVMTEQYREDVGRLPKTLYPMRNQTHKDRNKPDEPRLFNHDDWEGVIAKHCVMKKNTSFTTIRYICMPRITWQRISHRACRGCCTPRECFTVTQHGKEQFMIVVMRPIGWGNEKEIRYAGHQNFL,Empty,-407.0
HDNHTFFIKTSFPKCGKMECDPLAWAIVAKSHQIAWDWVDYQLITGHCLQIG,MGESNTKWMYKMNVVMMQQKTWIIGAMYLWFNMWCELIMPNEEFSYRAMCHVVKINKAVCQRQQHTPSWPMSCNLQDSGLEFRCRYDWAGTMFDYPQVMYSIKPLSLNHNYDPIMQFQYLLRKGCSSIYREQD,Empty,-172.0
GMFGIWFIILSPQRDEEYGVLIEWYSPYGAARPGGSLRNREYQCGQYLMGPEALPHKQDWSNWILYNPWRASINRFWDILMYFIFTTEGCAINGMEHQMMCPETNMVPKNFWYNNESEACRANAGDARQFKRDQVDERYVLHMYHYNWQEATFTPKNDKMFKYYSKQIRMNDDSDTELHGEFRKDDEQIMNNQFHFMMCHAGQRARFWLTWMVPMAGYVPYMKDDVEFRETVWTPDLDGPFIKNMVACVRKLWCPICHEEMTDERCFYEDHIACQPARKPVMFGRNSTVYCQWDHNTRPLPVILSAYTHMRHRCRLRMFKVV,PFHLETGNKDGRNTGEFAGEWAQHAFARADDRKYPDQCKKNRHEASNQGHNKEWQVAANHVMLIDLQKCCDADTFQVLHLWSNDTTLSEARHQTFFYPVYSHYINLAMDKFPYRPKECVCTPLMVEAESIHKGQNHLGTFRRCYSDDCFYVMQKKWKIFQQLQGYEIVNETESK,Empty,-338.0
CQHECWSHEYKLETVHNAYCDSQMEYEHFLWISVAFWWMDMQTAPRGVQPYIYVNDYAAHNSWVSRGMHQLCCLIHCIIKRQYWDTHAGEEWAAFEADVRLMVMDACHKSLKTYRRIYHECHFWWIVWKFVPCWHSCARDTAYCVIYWEFGNFASKAVDKRHMLAIGGTVHYHTSMHYCPYAFIHDPPKDSELQRMWRVNENCPSVFAFASASESWVYPVLMNTEDKIWHHN,NLLSAVTVLPASDEIWAWTLCEIPQQKRHHNRQRTKACACIVHIVGIPWCRVGWANKNWMQQCVLFDRKIDPEVMYVEETCCYQEYKSKREYTIVMYYWDKFADSFCVGYVCIPTRQFGFQIKWHSLMVTWQEVRFAQQNLFIPLMWIQPSWTNYCKYNQPSHMGQNSLHCDTEYEQMKCQFNYIIYCVCPCINAYWMTRKLICHRLARTDR,Empty,-184.0
YFSGRFIDILVFCQDLQTDEGHASMTGNQTMTHGILNTADYIRNIRPHANRAQTAEFCIKDPLRRLEYDNGTIKSSMCPMLMNESKHYWSIATVSGLGLETAASLYPCVFENNIVFMSFKTYQMTDNEWYYPMGSHFAPILVGFDDYEADDVLLHHQPIRRYDYIDAYCLHEWCNCWFQRFQRIMIWIAVTYRCDEGGCRFMAAIHTCDHHEAAHMVMPSHQSFVRCRDKMAW,TYCMKFFGQFGWPNSFRDKKEDGITYCVITYQPRFQAPMGFVDYEIDGGTIFDFYIDVWGDKHWTCYESFHMIEVFPWAQDGMECVCPKHMGHFMMREDPRWNMIQPWEPLSGASTTNSQRWWSYSLDGCAAPWANLYCAGSAM,Empty,-222.0
MHWYPECFFKEYREDNHYEHSEKNFIKAQQKIVLIFHFNEEVMADHTWYNGCPSIETDTPPIYQYILVFIQSTGQVLPTSIQLPDRLFSMWTWARCLMGTTHMAGCKELCEDYKPNQSEYLDSKIIKGYVPNPLHPAMRNEAPGDLVNKNWYTSSQGWRTKEFDFYMWVFCRQRSSNHQIELQQGETKWCEQGACHVNHVHQIIMCHVIDQTEQHCMRKPALYNSYNMGRELVGIGRNIQVWNKFYAR,YYWKWHYTDFEYKCLVGGDWHIYACDREAQEEAQTRIGLEGRCICIWDRWVEVWNMHTVLINHFHAPKKVVAPRIVIMVYNMHKFQNAWYWVVETQQDANSPDNWIFLYD,Empty,-294.0
ETKIVHHVNKTFGTHAQEGYESLQGCGATRGCVQLSIDVRVPMHNPAIKKIWAETVPIANVDEWSKDCSPFGASFTQWERMWMATGNYRYGMKKWLKVEMDWEPCIVNSMVLTLMCSHQEQDLIPIRPFWWFSPQEKRNLVFMFHREMGCNHYGDYPECVNTIKCCAIEVMEAWRFAAIAKDERQCDGHDAMGGIAPWEVAWEETHSYFSMVDLSAGRWGSVPDGETSNCLRYHTYNLIEQKIEQEMILTDGIATSPLRNALTTQDIAEPEN,RLQQAYSYCFLTVRGHREAYFSNCLRYFHHCADQSGLKLTAEWPDTPRLKIIKKKYADYPTYMNVESWQEHYFYRRIYTVADLMYKIKTLYRYVQYWTTPLPPRNVEYLKTEFDNVEYPEKCPIMIHRRCCVDQAWGYMFMVDPDWNQGMEVVMHNLRPPEGPWERHIHRC,Empty,-259.0
VRGKETSALNGNRSELGTMQNQYCFDMMKVLHPWILLHKLRNVCWYFLYKSADPNGRNFGWALT,HWANSMLHEGEQFMNYSQAPQMCVHYNQYLHQGHSNNNSRQKVCQWEKWSWWVDHYKYVSNHMYCMAYDNVMKLSWIPSFMDMQKMETCHYTVHKVNKIPWHLYCYEEHRRHKTHEIVAILQAKEYCPPPIMYAKWFMELCTCFQNLMFCTIQISIWAQKTYAENAFSDWYPWKKVHEH,Empty,-230.0
GSLEEMSHDHFQKHCHMYCSWFMYCRYQNHETADLFVGDFSGQDRCDPNSRGAYEYHFLSVDFNLRFLILFSKTTDWWFMVY,TAQINAEEKYIDIGRKKVTDDKAGGVNKDEPQMLGVTGAMKNCEQWCVFAKDMHEMNVNMKKTGSLFLPQHANLNEVEACMGEAYQINTIHMDWAFVYQECNAEESHDGSCLLAWFPPAHAVHIEFMCHLIVMSMCPFPMAHSIVITGGFECEDPEFQVMRAPFKFGQDGVIYMHFNHVFVPTRAPSYPHIQCAKPPKRVGMPCDMIVTPRRTTATAYHNRAKQKMKRYAVNYPSWDEQKTIENSEGMVGNCQAGFDRKDNNITSQNVQKDQLFPSEFDCETYTMMALCSAKC,Empty,-414.0
LMPVFEDHTEAQTWCEGEYHGGCFFQTHDINAVPVIDCKADFVHPDVACPQYPMNYGTHQNIQMGCHCIHDHWDCTWMWWEQVVSELCICWTLNLSYIVLCPFHFFGRLDPNCMISDMIDFSKYMDRPGAFTNAGHWDHPKQMDEENGSPAYWDEDTVFMWAEIKEETCAVEPNKLSAEAIMMHSQHITKQLMLSICFYDCLDGQPLVMFHTHCIERLNMTTQVSVQWTLNDTCDEAGNHIDGDAWCTMIQC,TRGINRLHKMSYKTPKTTPPVDYCFKYYKRAMLLWNKNMSWDHLIEIGACWYPWYPH,Empty,-383.0
VCDEYFNHWTKTGYVSVISAALVLTAAQMMGIMVAGTINMVGVWAMYRVECSRHPALLEPECMTFINLHDHCARLCQGRLYTYETNYRMCDICYRWYNFWWVVVQSPEMFFVDMMGRFFGTFKDHKINAGRFLGNDEMTYEKDIMWKPHFMKCVGQIPDGPDLPEIAEECEEFSWFRIHKCWYVSRSGKWRKMTPWSCHSEDQFMGHGMVPLERSC,ITDYKQMFGKGMMYCRQESTTESPEFGWCTGAKRQRYRHTSFQKFNSMHCCLKLHSPKFAKDLYVVVNDYTYIICTLSSEFTVLIQPRHPKCEGFMHKEPLWKFSEFIKHHQHFVKTIFLEDKQRNASEMDQPGHEKQHCHALTMSNVKPMHGTFDAWACSFYTIYQEYSVLFDNAFGCERHRTPPTPIEPQRDSLRKHDYQYKIRKELQHKLRWKALLQYEPHTQEAWKEPLKSEIQAGVSNSPSNTRHRCYNYSTGQQVMFMFAEVWVLNKRMHLSDQVNVIY,Empty,-251.0
PAIQTQGYVVRWKKVCSVMHPIRVTWKIGPVMWWWEEEQNPMSFDDLCLVAELNGKNDREHFFCWVLNMTCDPMSWNMVVGWHLEAAFSPKPADRCRFACDRINWRLTPGGNKYICAREWKLITHQYGMLTHYGLAMEHTGHQIPMNCPIQYTPNLVTRQVAEKQAASVMHVKYRNTEEGIATVPNGVFRLWKVAVLNWFDSCVLAGSVAHSQDWKRAEECMYEWGMPFQEWVNCHCGNVAEMEYNWRFAKVVIVTVIDYMIRCQCYGTPGGNFEWDEEITCW,KFSLNKTGKTFTTRRMNNRILSNCPKAMRRHDCVAIFCFLYFATQMSCMYGPWMKITDIYVSQCQLKVILVPDCAINVYEINVYIMRCWTFLEISQQKLFMDLRSG,Empty,-356.0
DYIGTVLRNQGADLHDKKWQYCPYQTQSLMVEFPYWWAWKCARVQDWNIKCAWVGWMPKCATHKCRQTHMWQNSDMITIDEQIIIMVKSLNCWYNRHAHNCEIQVHALEYMYCPKHRAEPHYTSFRERKYRPKFTENLEAFHCELTNWHKVESLRISGYESFLHRCFPRTFWQVKLRHQMQVFTAASKQFMGNDCRCMWTVQPLR,AIPQNDVDGDHPNYVRWHYKVANHHHDEIRSFLVIFNHHKCTWSPPCYPSPMQVTFATQYISRIEIMPADDYWRVST,Empty,-259.0
SESAEISWNLPGLAKLGQIVTYTEMEQGCAWHVINHSRETQQCDDITNRAFMFCKRNNSSRPVFDHYVDSGCIWRTKMHMMQETNPRWYTKIRKRPMKIECMRNRMQIYKTPMVYQQHKVWGS,GWQCIYEYSKAQELEGHDQHGAVHWMWCDMQMFTHDDPVNCDFD,Empty,-166.0
ADAHWQYIDTKLKCNPIRFQAPPDRSALRERYLCYYGNLRNKNNPRDHQECSMMQTWCRQWVTEYTNPQKWTLRMCMKNTYQRMYDWIIHRKVEHAVLVNAMWLTKRCTLQNTAHQHKQSRMIMMPNGPKNGDCWAISYDPKIRADPWELHNLQCHNVWPCTKWVGISFVCAYNYFVLLIMDNTCKHAHMKKQHKWWYPLHCKRCWKIIEHYIELDQYDYIIHHYFWPQDYSTRHWNRQTYMRDATTADFGMMIYQCKSSITTWFTWSPMHPCWHAPMLFCWCDGKLFYCADPMSQACVEGRTVDFPDSLDTWAVYIIISRCWCRTPGKVALKVQTKYQ,TIACHSTPLWDGWWHITCAHVRTIMWGDRNCVKISCEIPYQWCYSYDHPQHMAPFTTFSKEVPCMLFHYAWERKNEVKMEVRDDGTYNSFGVYRFERGAHDQFFFQGPSLANEKVIYSAMEG,Empty,-434.0
NQDSPWQEKEEGKVPVEHANDLHKHDSFYDMNSRDSFCESEYYWYQFAGATPNKSVHMYCKNEVHVQGGKWQHIWYLSMQEIMYVISYSRKDFYWEARYLNVFVCGKYWCFNMTRVFCHYRHGAEHDCVTQFYIPYESCECHCKTHQKWPADRHEVYQFHRQGLRPYLVDKKKQKVNLHLMRWRHIMIGKLCWDGFICRGNIQKQVGRMGFRGTHCDVHPEMFVVMDLMKYTKPYSAHCFQNYGFSRIDYGIATHFWIHNYMNWTACQWGIWQKVATQFECHGDK,SPEMMKEATDWQFFIKKNNHNGEAQTGYMQMCLHMMYWAEWVQVESPWQERAMHKLTGGYRSCCQCNMKGLIDWQVGHFCFWWFKQNNQIEFGIHSACVSLRWYGYNKCLQNDHNPVRCHVIVLRTAQGHHANAQIWRWPSQSWNRAYYAVVILQNESAPTQSGPEMKSSPYPMNPVFFFMYQSLGRYISNLHQQHMTEAFL,Empty,-252.0
NPMHKPMQDVYCLLACMNWTYPWHFGASEEYCPSKAKVSK,HRQEHVHSRPSQGTKSCPPAVFSDDNEDETKDGPFRWGHFNFQSVWMVLGDRSWGWHLWQKWFLDLYTDMTFTSCKCMPYPRVFSELEPHESQPRRIVWPLFWCCRRHKCDQITGDNVDKTKKQHEHLRAKTFPGCHNAPTSANCWHPTIDKEQAFMAETSVVWQPELCKSVNEQAVVRFWPHSTISTPRADECTHGPPGKYWPNIEKRFNPRAQKFDMELARKGGMDCRLFDIMTDPMINMIKHMRTWYCSQYTYETNPWNNWKSIMSERLFFCVLDGFRHNAANGQQVKYMFCATTMWAETLRPPHCDVVSIIVFKKNVLCDIMFDNATA,Empty,-562.0
CRWDMLSIVVTLARFMPKWMYLYTMGAFCYVYGMEMDNNAYPHHHSKYNQFHNKGESFHFPKMGVDACEQWTRHKTVTNFDMVSPTPAYAFAKVNVCINDFYTCLPMSGRHMSEHDCNMGCNGGHTNWCHMDHFKYGCDGKVMTNNFCSEWWYASVHPLGPHTVTNMYIFRTKWGFWIPQVHWLFTGMSGMKNGVNFSNDLTKFCVFGGWYSQYWNVKSWGKWIYIPTQNTWGSIRRPCAMQWASRPNPCYKRNKGVQVW,FVYAEMEEIAVISNFDLNAGIHFEKCHWTQPMRQEFVTGPTTGVQAGQMISDCLFEKHQTLIPCTWLMVSSDHCKHSLVSYHLSHIDNKTQIWSGHGCNWDWHQLMTIAFPRAHWVYWDISIRIPMPSNICVTRPKPLNYITVQTIWQPPAHWIEVDDQNVQWMH,Empty,-243.0
INPMREDHCMWNWGQNTWHGAAFRSIWIWQWDWGHGAHYFQTRATSLHIEFDRHSCPVAAASKLNPDIIYHICEDKWFAVRKCGYCYGTDIQVYPIKLNANWGVRYTHASEEHTRLIHYHWCGCFTDDWMGMNYGKDSWYTDFNNQVMDCMPMFFIITQCSVQNYPNYCWGADQCYHYLFDDHYSWATLCWHHVPTSYALYD,KHYGLCYEQEMRDSGTTCRIFFFFFRGAGTPAGYWDGCFVCNSGVTKYEEDTHRNKSYWHGLWWNVEEKNIMIEDETHSIKNNRTLRVVCVWCRQCLIEGEHCPVCKFVYDNERNFYGCFLPWLHECNKCHIFDFWLNEKNEWWSLGHTRRGGGAKYQAGEGRYDKGTCFCKSMFKIPGNPISGTFQHISDVHSAYDHPSQKANSHMPADYVGWCYMDMATPQGQSHFHIKHCRGGWMPYIAVQNEPHGTSNREFSYVMCPPKESSVPNGVSTISLSTPIVAPPKKHVTQVNSCAFFNIVKGPTDNDWQWFAKSSDWY,Empty,-308.0
TVFETLMRRRRVDQMVYNESFQGWWHNALDTVWILKVYNRRWFADVFEMDGVPVQLWKWVGMQTYPENFPSIDSLLRYPIIMLFNLGPTGIDTVNIELRKECITTQAIWGSCQRSVVSQHLMIRQTREARMTEFAIWGTPQMFSTPQLNSNNQLWSNSYMKHLKDEQKQKVDSWAYWCWCGQCVFGMCN,WYTRCRITAMTTPFGWVAHIDPMDMWKSKNVCKCDHPWFKQKSQNQDRNAEASDWSTRRAICFFTTIHKMTKASLQDKYPFYIRARHTYMLMEETKSHNCCEWGFGCHTLAICHEKCLKAIAFVRLSTEDMRFYWFDCAQFIQAMNNIDQPQRPLRTWCLCHQVPHDRIHRQQWGQIFKARCVQATVHFGLTGRWVCHDECGLDICQLTQQWKTDKWQKMQNQWLGGRVEFWEIVQSQEKMGVCNYEKNKH,Empty,-218.0
FPMPKSEAAPYLQAASTPKGYEVTRDMQPGTIFDCAMVFDTWKRPGHHGNWKRGCLLSQWACYDTKHCLCWPHNETRFRWDKYHSTMCDLCAFNCLDCLEQDTQYRLPYFIESTGGCLGKYMVMMTKVHDVTQNNMRSLFGYCHIGCMGWNRPYGTHQLHTQAWRQPLWLTVASWIYQSYIIATEARGLQTEDESDLAMM,CNYDLFMCQAWKDSETDLKLDVSRDIRIHWWQCYMCSAITCCFV,Empty,-304.0
GKVKAPFHLSYSCISADRDMKMWTLERILMYVCHQDSYRIFWWPHDNQMNIAKKFLGDNICRKRWSFHHTCESKIGCPPSCIEEDWTILKLFATFFLRCQSCWAYGDGYDCWVQNRDKIPYPWFVKGWVYFVYNRFWAWEHHWGVDVITTGEWNSERGLNPFEENCIVIGECNIYNFFAGMTYPDHWFRHVNRNFRCVFHMSIVSMFKYKIVKWFVHHMAEYQMIFMVIFCNPYHERMIRHMEFFGDTHGGFHTVLITV,CENTIVERSTNTGACRVSGSGKMGLVQYQEGDVWHHIEWTGFGLWGVSITEMLPEGYWFMYDGEHADGVIAAFLYVYNMCQVWSVMEKWEEKDGFYHGMYQDWIFKFKGQKELTPDVPTWVIWEIPTLGNLFLQANACWFWIWAHRGCCRIWQSKPTAKDWSYSHWGKEYPPYISNTAPNHWFVGHSEFLTNDKMISCFIIPPYCMMTYRHTEKILMNESCYFKILPDFINMIARHDGPRQWVHCVFVCWKWCWPNTRSRLTRTHPQPWGRNPTNLNRHRFIMCQVFSDFGKRNTFWGVCTQYRLW,Empty,-241.0
EDAQKTWSFMHYGAQFDFNWTFEMHINKKEGEHAWCNWWEIQCKQDIQQHEMKESFGYYSYRANMFLVKLQIKQRRPDDGPILPKIEHEKVHCKNERSAASQKFGSHGNGWTCLVKNVNKDPLC,YPWCTCHEGIGHTMVSTAWNRINIPNVVPWMCDMWWFKNNCPDGRVTILPFAVAPHDMVDYKQYRSAFLQWWPAYRQPKCWRWKVYPVRPNKYQNFKRSKCYHRDPKA,Empty,-97.0
LVRFLCKTNMQSSLQYRDSSIEHMSWFMEWMCQHIRKFYGFWIMVVKHQFKKSSTSIRLIGDSDQMCFSRIAILVFQIRFPKFCCNCLILCMWMMASQHQFPRDYELIGWIEITDPGNFPMMYELPALCYKQFIFFFPHIMVCSDYICLSFHFGTTFCNRMRDWKVSDQHPDWESEEGDDIYWMTKRMNHKREDVCFCYYYWCEEWKWCNPLLAETIMHDPNYMTVPNYRFRSPPDLESNSTDSDDCGVEGTCLARCVCRLLYEYRVASGFMHFDDYQMIIAAHLAFEGRTHINEHHNGPSTHMQAFY,WTSFAGSERGTAQAQRYAVDMRKMDKESYVDLWPVGILLCCYPPLCLKCNIYAVFTDTMVGWDATICWCDNTLGSYQSIKMTMNDLKASTVCKRQVASACESYYPKIPKFGHIDLWCKQEASPDNEPRPDVYWVANHCMGGCEIESDIICWDLHFMCKWFSCFLIVNWHQRAEW,Empty,-316.0
YDDCPPPMGYVGNPQAICWVYRHAQQWYLSMFMRMAMATECEFQPYMMNNEISTPWLQGQSNCTPIMELDTKLWFFKETKECLAKFIGKKVFEDSTQKQFFIFCCFHAAQISKAQNGVTSNWQQRFKMAQNFCFGIYSRGVFIAREYWKDNIVNMWMRSVYPQAFLEFPVECPQKPNICVSLMNERTESLVRHNMHNMHGKQTRVSYNPRNCSWSCFHFIMIFELYPSGNHHSQPTYTLITYPYSVS,PVQNNDHNFVRKQHLCVTARSWISEIYEHFGHMFVEETAWNCFITHTNMGHLICFRTFWSEKPVFPQANLHTDCIVTSGIIYGGQWQIDLTSKSLCLCSINGQAITSNMHVGPPRIVFCHVDPFNAYLKLWMEPDRAPEMIMWMCKVGNDLEIKAGSVLIPWKYGPHLPAWYDTRICVTDPNSKTEEHQGIMIHMGETAAWQQPRNMDVCGSKRIL,Empty,-192.0
PDGESNVICKGSAPDVMDNFCGIRITQVIPDHFFWIHLEDVGSWNSESEMQDWNQPNFEAPTISKQWTWGGSQFHGLTYHTNYFCRMCEHVWEQWCSACSLPYLQCCGVQNDCVYEAAAQTYEFQVAKHTYKKDYPEDDNYQECWFNYQGGRWNSDSIWYRAACWELFY,VPWDTDGNHHGPLRTMQYDTYTALGTIGKNIEQHQGFPDNPRTLHSLLWDAIYIWYHACEYLMVIGAVANKIFEEYDPNAIREDCFFQNWFCDQWLFRMGVRNIPHCGMCRIPVCKLKVQQHDPGYWQVQGMFSHILQDLDEYLKSDGLECKCQIYTMMQPIDWCY,Empty,-137.0
HCRIRVQAAHKTRYFSRPIYDYWIPLDEDMIHIVWLIPDQVSLNV,KIWNYATGEPYAMYRRAMDYQPMNMPKMARWLCMNWAFVPYIPIAEEDPQHKKDPPGKVQDDPQYLDNVKFRLSHEQLETNHHMGWNQGLSKSHACAHMHRAWNDEMYTKMGKCYGKEVWADFHKYTNKLPGGDTSGCFKAFPTTRRQTMCPKYTRWTWLRGKAHDPPVIQWVCISYFLIYDGAQNMECVLTNQQINIGQGVPQEMEQSWCWITDTDGIMRKWWFTWHLQQENFDWASLGRKSHQSCVWFCPYDKTSHPEFVYHCMCDNEDVEHKTARRNRRS,Empty,-459.0
FAWEFGFFNITEHPSGTMRNDPMYLLSKHIGTSGRVCVVSREMHANKYEQAQWPLWWLVKSISSNVCNNHSHIPLQTHSKQQVWLENQVTKDNNCNVPRCKMIILAIAGEYSRCTHPDWIKTHKREQIICVIVRAMIDWIMKWLQHCAKSWLYDPMWMYVDPPCSWISPNKEDIRMSTDTWKAWFEPFPLVYW,CDVLRLFWYAMDQKLMVLGPCRRLHSYPDEDGEVYCPTSFWPWMLYHTPTAHMWPPHQNNYVRDHPNSYIWKMTDEKYYSVLSEFTWSRFGHFSLVHKPFRLMQCIDQLTVIVLMFPTYVEKVCDNHEDRWNQWAWTQRMNNMKDYIIERWGYTPYWNYDYQHHNWKWVQQERALDFHRQTDYMFPNTMACSVFYRQHCDRVKLHFRPEVFYMCQRMMIVFRYHDLQEEKEHPMFYLMSIYTHFCDMDQMRIIRPLQYQMYYLGGWGNSHKRLQSLNKLFNRRQICPH,Empty,-273.0
QPDLMYFVTVDLCEQNKPGMYKQYRKTMGVKWRELTQGIQIHNKFMDNMNEIIYQWCAQQKKIILPGRKHSRPEEQAGGIWVWIKQSRYCIMFLCWTANSSIGDQTVFGLGVQFHKLRPPKFLIVHGPDKCYMLMADAWVSHTPALAKFQGNHAAPVCCVMQWKPGQTFPEDLRPQWIFEHPYQSEMPTYAGYQHLPPSWVDHQQYFDQLLWSQNKRTDAYYNSWYADPPCGPMATENWAH,ISGSTAHFAWAHEWVVRYHNLKDRESEFAEIEMVDTPFVPRMIKIGDAYFQKHIVRQ,Empty,-361.0
LWHATHEEQMRALGCLPRRLWMWNQHWQRDVWGSFTITVAYKFTKWNCCLAKNEHYQAWYKYNSIMFSLYMNNSRKHDHLRYCGPFNPSAIPPCWIVQQCPMYCQWFDPAALRFWTWFKKQQSADWEHASMTCISCGDDESWIDQSMNYYCGPYEPVPWYNEDWPTT,DCDEWAYDPIIKSWMNSNIVRVKRWNKDNTCHLLRIAYAQIQVSHHKKENHQKCRCMTTRCMHCNPISKREIVFCFLMKWVLMENNFGWNPEPPVHTASCINCMGMSNRTVYHARHCSVQNTLYPSKVHQCVATNTCRWAYFKNSYWEMWEQNQFWQEGKVRSESYYSMDHGCYSPLAPVASQACHCRGASKHWCAASIVMKTWPVAVLIYCFMQMNHRLCYWNILHIRNHYKRLMHIQRCNTCTITGTSWCYVLSGCQPLACK,Empty,-259.0
DQKTIDEEKSKSMGHLGKGWSHIVRYEANPCTTFTKIMCCSDRNFPDVSMQDLMPNPWRTWIQWQVMSDCLVERVHWPENTPTQPNTMPMRSSCACMADTFLMYFENPLYHDRMVMKQDTDDIPNLYPVNRREIPSFQSTILSWPECNERCEEKWNQQPFHECHWIISWDQKDMYTHNCLRKSHMSIEAFNTSSIEMCKTHANMWGTTNR,AWETRRCKCKCKMDAFWPYKEMICKTAQMWMQHRINVFERFSMSEPYTRCEWVKVNCCEFIPHDFLVHFRPMQQCNAQLAESDNMWKRMLIGVYKCICNRRWTNKIHEGHHLGVLNADWQIQVEFPIKDFCKTYNMKRHDDMWPELVYAQLCLVEFLETGCTTFTWGSYIWKRRRHQHAGYGPTGYFARHDWHGALIIIHRHDPRMICECAQERYYSKKILPQTCFEKMIHTPNSEDHDSPKKQPFSMCKIGWEHEGKRFPFIKLTH,Empty,-228.0
CWMRQSPISSQWHQYRFQRMRMGTIPVIGRSCDKCTSCYHIKNCMMPPQMLHCNPPDDSGRIFSRTVMTQKWCRAQEFTAREDPHEASRMDRSGDTKDEFWGCMAYTDYIVCRISFQCFNIHHGCVFRGSSVDYRWDPHTSYHGYADIYWPDPIRYTTGNSRENAYYLLQSIPAVKSVQKAPMSSRCCVHTNDERAHACGINYWLDLMREDYCEDDFDHFALCPSHWDNWRFCWGQKENSQHPMCDAVWPLWVEHYYGLCMAVQ,FIWWWGTVITWKEKPIYSQEQEVRYFIWEDKPFPWWCQERPFTDAMQYHSSVPRMLLPEMCIGLHFQAWDHHVMPRNNELIQDGCAYLRKQFKFSRKPQVTMFR,Empty,-324.0
DASKWEKLIFNMCRLATSFPLFNNHIPSRDHHSGCFDPVSRQRFKAMWPMYRRRLLQILFMRIDVNIDIAYYFRRRLTDYKFLFVCHRSKVLSGTRYAHTKQVVYVFFTYAIKQKSIYHCIDTKLVDTWT,DKVRYQFNHVVEKVCVKDKEGFWVRCQDDNTIVTIIQLPMRIAKPTSNQKFGFSDWGNAITTILWGFLSGCHGAMQSNMEWFGFQHNPFYSTTRILPPWNDAFLSECVRCHEDMWEVMGNTGKSAGVLKDPLPNKTGIWKPEVLQVSSKYSSIWQFDVWMYEPWFPKWDYFSCRLYMNISFCFWQNSMMNRDVVARTLVIGTESCKLAWIDFCVDHKHMIHKNDTYPWRSMHKRESGLRFQC,Empty,-256.0
TPRKMCFEVHCKCKIFMSQWFGFVEDAQASQIYCFKQTDDFACMNVKNQRNATKSWVEPTEYKGCLTIMGKYSWNTWSCSHHCSLCWARRIQPTYWPCWHVHTNKVYVGQCQQSPKAKMDRV,VTSNNMIKPCDAKEGDWKDDFNAFFNVLVEFQRARRMSLMFVWTAWMYTRIRSPGLKCIFDTAHPQKPTNAKYIWYPQCRVLFQNNTNGMYAVTGKVVDSWHTGLQEPWYEMYVHMSERDFKWDKVMGKSWTRCLYNHVDKLSMADHCPEQQHCLLNEKMIQYHNQATRKQLDVQYCIWSWADWKMEQDVHIHDVPRDKYCFNDKRYIIFEPAFMAWYKRKVWFAHCAHDFAYCEILYILQADCTFPTIDKESFHWWLGFRIVVFKGVKYVWTFHGYIPYELRVPKNLILCWQGYTESSSWCIPHAPAVWI,Empty,-381.0
WTNVAFLKWSQYQFRKLKYQMPHLYSDTECKIDGMMNRIFIQWDFYWEIIYYHGISEQTGVLTSMMNSIAWNAQYYVDPIQSFGQPLEFIPDVIRWKKCVAPICFCII,YIGAMGGFIMFQNGEHSIFTWLKETAYLEDAYFDHITHMSESVGTIQHKHCGNLDNIGAAVIEWYMGRGGSCKRQVSTGSWHARMSKWVYMRF,Empty,-87.0
VFDNVKIILYAGHVYFLRCKMYFWPYKITHFMEYMYQHEENGTWGEVCPPKIGPKKNNNVVTKVSKDFHIVNLHYPEAHYCLCRLYGSKLPTLELSGDMRHFWYKVNSYKIDGYGSACWYWPKIQSYHNCDQRDHNKIWAQCWWYEFIWICWTARQMWAPYIDYDHKTFYRWKPWHEHCHSVNQWWFMRQDWLMTPVRVRLLKQPQAAKWKWGEWLLFAQFRRHMQEEWLPQMQPYECVNFGEKKYFNPRQACNQQYGCSNNYSLDISTWLRAVTAPDPILVTANIQKVSWVCVRACEIPTIDHFMNFGHDLEWPMRSDCQPMFRLPMSMAGLWDIPIWP,ICNITTFYHGRCQVCMTCRIMSSNKINDSVRKTIHCNVLGGVYEWGDAGQLYMIREEMARCMMWQGRQGKWFVHFRVDHYKLGSKWEPNLTQCVTIDIWGMCYYLNRKTCHQIMQMDGLVHNPCFDLCELDPHLDSHIAYPWQDFVIIEGQDEEEIDSIYKFTPPQSEVQHQHQDTTITHA,Empty,-367.0
YTWVDNIHQAAWRMMPGHHGAFMDCILFAYEAAFYHKKNFSVIDIVHGAKAAGAPANNWRCKCPADNTYMSFWGQICMCEPGIMMVCYSNILVYVKVVDASSWMMPKQYNFPRAEYLREDSYSWQQLPRNMRHDFMEFHVQPVDDNQIWYIFRILIFNGMRWTFTMDTQKPRPCYADISNSRVDYLLENIRRVLHWRNHKAFNCIILTAECWEIAPVCINSPYKEMESNWMTTLLAPCRNCQCARLDGHGQSPDIPDDKTDKLFHNYRCTMVLQMHGERQHIFHAMDCKGPVFLDCKYIHEIPIICDTAETHRKRIFIQMIRDDQIDNPDEDPLHENTVILCRDPQE,KTRFCVKLMGQEEHPVDGVPTNGIWSNAMAVRMTHTSTMSRTLDILCDKWFCFIPRRTWACIPNQRHGGLTPVWWKIMRPFCKQWNHKKQMRKAVSRRLKNTGAQWGTIISKWCSWLAMATRGPPNLENLPKRKHYGKWMQQ,Empty,-420.0
MLEKLNAHWCLSYAHFLIPLAYLVTYKCCTVAQDLVCGGIIGMCQN,IALQIMGHDERHACYNPRDWVRDIYELMPMEWFMARQHQPIYYKSYVTSDLVFGTGHGGLFRRPFYCICGINCVKRSLIKPYRSPAAAVIHHNTSRVLNYLIAQYQGWIFYPFVHALCEYPWFTVSPSLCICACMNKFCCNNFLAVHHNSFPTWYVLQHVKWFMWITKLCHNHGPRQPDTGFYWNDGEDQQNAPNCAYCSETGLVAKAGRGQGLSKHPFPNYHNMESHGAWWRESSQGPMAISYVKNSKPRSNWFVKASKVELGIHDGTSSVSTDSDHWTDTTVTCPWKPHVNLLNETQQLYGQVWDNEQMHKHFTNRGIAHIILNKVSGCAMVYYSHQ,Empty,-558.0
VQHKCTAQYWQTAGKKRCPHKYPIPKTRLHPWHSRSIHTRRGCTPQNQAVWRHKFLFRLGWEQQPTIRTTVPGYAPLNVAWLNIFVSNFHRIPYIVYNNCEIEAKL,CANWRSTKDTGNGWNIRENTQKAISKGFPWDMSDVGLPSLVSMSNKFPMLSWEVPITGICPHLWTIHVNEEMNNDQARQKGGTKRKYFRHADVESWMPRQNFITTYHDQDYMTIIRVGGCMAVTHRIRGPPSTGCFGVGPRHMRFHAWPVWIRASGQQRTCRQYPMICSWGNNCGSMLYKCPRKYAPKNMFDVRIYPERDWIEKYARYVHSHLVTLQVGEYIFQMDNRHNLWHPCAHCKYRNQWFKHT,Empty,-290.0
RRQFVYWSFMCSRGPRPNWQQVYTCLLIVNRECQPFTLGCPSGGFPCQDEDCWRGGMNPCVELQTWAMFGEYIARKREAHKNNFMDRPFACGLRKNAHMEVSGPGMGKFSFLAGTPGITFIDNWREQENVAWAQLNENADGTAWNWLRSFDPCNWVVGQFEIKGWNLPWPQSQTGIQDAPWEQTHMFQFGRHCIFVTVNIQKNRPTIWMHDACRAELIVGYFPSEQWDFPWDHPMCFTHCRNLEMVKHKRNESCCLRVNYKRHMLIQSQYKQGFDINVWGLLRPTVMNEGFDHWDYSMRCVGHRAQQISPSKEPCNRDNWGWGCCYLYEIAYYLWNMTDDHND,HHRFTMTTQHLHTQAFLDRILLIARANLWLIGMRGLTGEHFGLWLGKLHNGVKHQDLYIGFEHPIPRTMAMWTFGISLYADQHVSFVSFFFLAFWPIFSQFPQYSIHCQQYDFGLNKDVPNIIFRYFEIYDFRGHPQDDYTDIGKIQIYEKKTLKFKECPPEFTGTKSVDYITNRAPAWQCGRFDVMDFSPK,Empty,-354.0
HKWAHQCLGGFEEQAEVCILLSNEVGTFHDHPIDAGDHAIFQDLTRGPYGPGSAINWDGYMRCLYTNKLEFQPNVSVSEITCTRMTPTVENAFIGKGISHQVLRHTIQRKKVCTTATPCTEWFMMSQFWIAASKRVTNFTKTSIRTHGPSPKYLHKNTWGFLQGPGADWHSATGCGLDWKKDNDHVESTIPMTNCPPHYIHRWNISEDCAVTEVRYGVELLNLEWILPWDKEELWVPDTQMWFYSYCITPRQIFKLLRTNVSRYHHSRETLWEMQACSFNRPECHNIACWFCMEAKNCQYMYFNLVMERYYTR,MAMWVNGDTFMFLKNKWGVALVLKCPHGCVKFRMDSYELPWVGNKDCPCLSHVQCDNTGVHWQMGWEKTADRQHIASIYPYKIPKHETWVHVSWHLHQASSTYFMHVSLNDPIWWKHNIVTAMEILLAVDTHNAFEDYTPERNWKWWFSIYDAMVYHEMCSSRDSSPAIFYDLWPNLLQILVHQTMAGTYFDEKMGYAFDHYLCTQRKSAMYNIEYHEGRPRKNWPRTDRDWPISWIFHQRRGINRCIVLIQCACSWKYRDMRVPVHTGKAGITRRLGHSPLSKIICPDKEEKFRGIRQPLYFQHEEHFWIWLKVCWKNASVCNCCCRIYFKETTCNFIEGYKGNM,Empty,-263.0
GMLMIIQVKNFLRSHGMKWFHSRNFYGHMPPWHNDTQAWCLDYTGDCSDIQKRWAKGNLPMMKSHTTLFCDPMRKVNEKLPKGQDQREYGSCPPYFQATHSVKELWKKDFASVLCRQWSDWPCTVCKIWIEARWLTHVFPGHSGNKRLMRYMTQNHRPVLRDPMKW,WKIWDIEYMYPCEQNKIMLQTEWFMTSYVLPYQKCIWTAWDLFNMMAESVCRLCEHPHWGQWHKDNFDRIHWIWKKFRLNHPDIMHLVMYHRYKPCEMVCEFLTQIIETAAIEMYFMSEVSMHWMYWGCGHKTNGQTA,Empty,-136.0
YNEFKMEHCNARPLQMRTPPGSTEARRPMCMMNTYEHAGLTQMHRNANHGMGQQYLQNIFCQGIDKYAYDTPHECAHNRAYSKCNYGCYQKLQINTTEADGTCWYHTNLYSYQELMNCRMHFGWTHEWLCTGNRDIHNEIIPTKQFQCIEPMMPYCCAQNVTDAGYITDLWEHIKMYEGKVPLVASFFGAVMSAAQVISVNNTKWDVLYATTEIVNHFTCMRYPFHMVNNEISSWNADAHMMGTFNQTQTRVYGVLDEYSVIWKYMCMCNFDAEKGTIQIHRNFAVIVN,NKLLETHGQWGQTEACAERRHTNIFPMTCPDHRSSIYSWIDRSSLYKCRNWLGIFGCHKWLKRQKGTWCAVDEEMKYACENYYIILYHVRTCPIRLLTKMFAWMLRKVTSDMFIWAPELWWHLVIAVEDDCQEEFDPVACTHMISAWMHMRMRCYGTDNCNCECFDPYLHPQLHLANPEYTYIC,Empty,-270.0
MLAGRSIPNCKGRYNCMRYQNPVIYGKRKYDLSFLYNKPMEGWPNKNQWGCASLTCHKPCWAAPIERMGEKWTRVQATHAWCGRHWDNAATFPICMGFEHGEPENCCFSIHNQNCFFATHKMCFERWFTWEFYMNPQQCHQHTYICNHTYREWNYARTQSPGDQFYIIDAYGCRCQKHYPSNNNLYYGPPAMHEILTLKATFYSQATNSMEVEKNCWYYGCSRWTEYCTTFQQGFPDLAPIDHMSSHFTYFMWYWCPHQFYPNVLSMICFVNQIYHFWFPVVYCTNQLHMIPWRFQPLKVSASSELPGSCHTFMQIWEEWLYRREQKRDVEVQCSLIQDYFMSHFSGMN,MTASDCIWIRVCNIRTTTNRCTRHFQENDRGYWIPQLTFEITYPDVKYPERFHDGHPGQPMMDPGCDEVMHVMPLIQERPQWPPEAATGYF,Empty,-497.0
